scenario,policy,cap,schedule,gain,lo,hi,naive_gain,e2_frac_naive,commits_total,proposals,commits_per_stream,e3_labels_per_commit,labels_probe_per_proposal,labels_probe_per_stream,e4_abstention,e5_delay_windows,n_commits_immediate,n_commits_deferred,e6_n_evaluable,e6_n_censored,e6_harmful_h5,e6_harmful_immediate,e6_harmful_deferred,e6_rate,e6_cp_lo,e6_cp_hi,e6_harmful_until_next,e6_n_eval_until_next,e6_mean_delta_h5
ps_full,ebcsdef,64,bonf,3.728,2.44,5.033,7.216,0.517,17,197,0.57,1589.6,137.2,900.8,0.848,4.53,0,17,17,0,0,0,0,0.0,0.0,0.195,0,17,0.218
ps_full,ebcsdef,64,pser,2.904,1.849,4.004,7.216,0.403,17,207,0.57,1682.8,138.2,953.6,0.855,4.6,0,17,17,0,0,0,0,0.0,0.0,0.195,0,17,0.2424
ps_full,ebcsdef,128,bonf,5.022,3.403,6.604,7.216,0.696,18,199,0.6,2196.4,198.7,1317.9,0.819,4.37,2,16,18,0,0,0,0,0.0,0.0,0.185,0,18,0.1747
ps_full,ebcsdef,128,pser,4.557,3.007,6.099,7.216,0.632,17,197,0.57,2316.2,199.9,1312.5,0.832,4.45,1,16,17,0,0,0,0,0.0,0.0,0.195,0,17,0.193
ps_full,ebcsdef,256,bonf,5.883,4.045,7.653,7.216,0.815,19,214,0.63,3647.2,323.8,2309.9,0.818,4.16,11,8,18,1,0,0,0,0.0,0.0,0.185,0,19,0.1298
ps_full,ebcsdef,256,pser,5.87,4.017,7.687,7.216,0.813,18,210,0.6,3768.0,323.0,2260.8,0.8,4.12,9,9,18,0,0,0,0,0.0,0.0,0.185,0,18,0.1264
ps_full,ebcsdef,512,bonf,6.73,4.755,8.66,7.216,0.933,25,207,0.83,4782.1,577.5,3985.1,0.783,4.0,20,5,24,1,0,0,0,0.0,0.0,0.142,0,25,0.0904
ps_full,ebcsdef,512,pser,6.652,4.617,8.635,7.216,0.922,23,211,0.77,5296.0,577.3,4060.3,0.787,4.0,19,4,22,1,0,0,0,0.0,0.0,0.154,0,23,0.0902
ps_full,ebcsdef,1024,bonf,7.299,5.253,9.296,7.216,1.012,41,187,1.37,4933.5,1081.7,6742.4,0.695,3.57,36,5,41,0,0,0,0,0.0,0.0,0.086,0,41,0.054
ps_full,ebcsdef,1024,pser,7.229,5.164,9.251,7.216,1.002,35,197,1.17,6103.3,1084.3,7120.5,0.741,3.74,33,2,34,1,0,0,0,0.0,0.0,0.103,0,35,0.0552
ps_full,vbccoh,64,bonf,0.687,0.226,1.217,7.216,0.095,7,226,0.23,4528.0,140.2,1056.5,0.889,4.65,0,7,7,0,0,0,0,0.0,0.0,0.41,0,7,0.2783
ps_full,vbccoh,64,pser,0.0,0.0,0.0,7.216,0.0,0,232,0.0,,140.2,1084.3,0.909,4.62,0,0,0,0,0,0,0,,,,0,0,
ps_full,vbccoh,128,bonf,2.274,1.434,3.121,7.216,0.315,17,212,0.57,2510.1,201.3,1422.4,0.854,4.54,0,17,16,1,0,0,0,0.0,0.0,0.206,0,16,0.2609
ps_full,vbccoh,128,pser,0.598,0.205,1.06,7.216,0.083,7,228,0.23,6608.0,202.9,1541.9,0.882,4.56,0,7,6,1,0,0,0,0.0,0.0,0.459,0,7,0.2766
ps_full,vbccoh,256,bonf,4.39,2.929,5.839,7.216,0.608,18,199,0.6,3615.1,327.0,2169.1,0.824,4.4,4,14,17,1,0,0,0,0.0,0.0,0.195,0,18,0.2019
ps_full,vbccoh,256,pser,2.897,1.921,3.871,7.216,0.401,17,207,0.57,3982.1,327.0,2256.5,0.85,4.4,8,9,17,0,0,0,0,0.0,0.0,0.195,0,17,0.2469
ps_full,vbccoh,512,bonf,5.825,3.996,7.593,7.216,0.807,18,206,0.6,6640.9,580.3,3984.5,0.816,4.18,12,6,18,0,0,0,0,0.0,0.0,0.185,0,18,0.1357
ps_full,vbccoh,512,pser,5.764,3.908,7.574,7.216,0.799,18,209,0.6,6728.9,579.5,4037.3,0.809,4.12,13,5,18,0,0,0,0,0.0,0.0,0.185,0,18,0.1375
ps_full,vbccoh,1024,bonf,6.558,4.565,8.487,7.216,0.909,23,208,0.77,9856.0,1089.8,7556.3,0.803,4.02,22,1,23,0,0,0,0,0.0,0.0,0.148,0,23,0.0933
ps_full,vbccoh,1024,pser,6.442,4.409,8.399,7.216,0.893,21,213,0.7,11053.0,1089.7,7737.1,0.789,4.01,19,2,19,2,0,0,0,0.0,0.0,0.176,0,20,0.0993
ps_full,vbcref,64,bonf,0.0,0.0,0.0,7.216,0.0,0,232,0.0,,140.8,1089.1,0.931,4.66,0,0,0,0,0,0,0,,,,0,0,
ps_full,vbcref,64,pser,0.0,0.0,0.0,7.216,0.0,0,232,0.0,,140.8,1089.1,0.931,4.66,0,0,0,0,0,0,0,,,,0,0,
ps_full,vbcref,128,bonf,0.0,0.0,0.0,7.216,0.0,0,232,0.0,,203.8,1576.0,0.918,4.59,0,0,0,0,0,0,0,,,,0,0,
ps_full,vbcref,128,pser,0.0,0.0,0.0,7.216,0.0,0,232,0.0,,203.8,1576.0,0.918,4.59,0,0,0,0,0,0,0,,,,0,0,
ps_full,vbcref,256,bonf,2.25,1.45,3.062,7.216,0.312,16,217,0.53,4414.0,325.5,2354.1,0.857,4.29,16,0,15,1,0,0,0,0.0,0.0,0.218,0,16,0.2565
ps_full,vbcref,256,pser,0.716,0.229,1.313,7.216,0.099,6,228,0.2,12498.7,328.9,2499.7,0.89,4.45,6,0,6,0,0,0,0,0.0,0.0,0.459,0,6,0.2607
ps_full,vbcref,512,bonf,4.916,3.352,6.458,7.216,0.681,18,198,0.6,6368.9,579.0,3821.3,0.823,4.12,18,0,18,0,0,0,0,0.0,0.0,0.185,0,18,0.1707
ps_full,vbcref,512,pser,4.663,3.13,6.219,7.216,0.646,17,202,0.57,6887.5,579.6,3902.9,0.832,4.16,17,0,17,0,0,0,0,0.0,0.0,0.195,0,17,0.1812
ps_full,vbcref,1024,bonf,6.159,4.243,8.02,7.216,0.854,20,213,0.67,11610.4,1090.2,7740.3,0.803,4.01,20,0,19,1,0,0,0,0.0,0.0,0.176,0,20,0.1162
ps_full,vbcref,1024,pser,6.174,4.234,8.072,7.216,0.856,18,210,0.6,12725.3,1090.7,7635.2,0.81,4.05,18,0,18,0,0,0,0,0.0,0.0,0.185,0,18,0.1155
ton_full,ebcsdef,64,bonf,0.0,0.0,0.0,-1.968,,0,209,0.0,,138.0,961.6,0.861,4.47,0,0,0,0,0,0,0,,,,0,0,
ton_full,ebcsdef,64,pser,0.0,0.0,0.0,-1.968,,0,209,0.0,,137.8,960.0,0.856,4.46,0,0,0,0,0,0,0,,,,0,0,
ton_full,ebcsdef,128,bonf,0.28,0.0,0.704,-1.968,,2,203,0.07,20064.0,197.7,1337.6,0.808,4.22,0,2,2,0,0,0,0,0.0,0.0,0.842,0,2,0.1078
ton_full,ebcsdef,128,pser,0.437,0.0,1.167,-1.968,,2,204,0.07,20224.0,198.3,1348.3,0.809,4.25,0,2,2,0,0,0,0,0.0,0.0,0.842,0,2,0.0773
ton_full,ebcsdef,256,bonf,0.346,0.0,0.882,-1.968,,2,203,0.07,32696.0,322.1,2179.7,0.778,4.0,2,0,2,0,0,0,0,0.0,0.0,0.842,0,2,0.0914
ton_full,ebcsdef,256,pser,0.446,0.0,1.183,-1.968,,2,205,0.07,33112.0,323.0,2207.5,0.79,4.05,1,1,2,0,0,0,0,0.0,0.0,0.842,0,2,0.082
ton_full,ebcsdef,512,bonf,0.491,0.009,1.244,-1.968,,5,204,0.17,23424.0,574.1,3904.0,0.75,3.77,3,2,4,1,0,0,0,0.0,0.0,0.602,0,5,0.0484
ton_full,ebcsdef,512,pser,0.457,0.0,1.216,-1.968,,2,205,0.07,59024.0,575.8,3934.9,0.766,3.85,2,0,2,0,0,0,0,0.0,0.0,0.842,0,2,0.0664
ton_full,ebcsdef,1024,bonf,0.722,0.202,1.462,-1.968,,10,189,0.33,20427.2,1080.8,6809.1,0.688,3.49,8,2,9,1,0,0,0,0.0,0.0,0.336,0,9,0.0401
ton_full,ebcsdef,1024,pser,0.66,0.143,1.403,-1.968,,8,194,0.27,26232.0,1081.7,6995.2,0.696,3.53,6,2,8,0,0,0,0,0.0,0.0,0.369,0,8,0.0422
ton_full,vbccoh,64,bonf,0.0,0.0,0.0,-1.968,,0,209,0.0,,140.1,976.0,0.909,4.6,0,0,0,0,0,0,0,,,,0,0,
ton_full,vbccoh,64,pser,0.0,0.0,0.0,-1.968,,0,209,0.0,,139.9,974.9,0.909,4.59,0,0,0,0,0,0,0,,,,0,0,
ton_full,vbccoh,128,bonf,0.0,0.0,0.0,-1.968,,0,209,0.0,,203.1,1414.9,0.9,4.54,0,0,0,0,0,0,0,,,,0,0,
ton_full,vbccoh,128,pser,0.0,0.0,0.0,-1.968,,0,209,0.0,,203.0,1414.4,0.9,4.54,0,0,0,0,0,0,0,,,,0,0,
ton_full,vbccoh,256,bonf,0.055,0.0,0.165,-1.968,,1,208,0.03,67984.0,326.8,2266.1,0.841,4.29,0,1,1,0,0,0,0,0.0,0.0,0.975,0,1,0.1703
ton_full,vbccoh,256,pser,0.0,0.0,0.0,-1.968,,0,209,0.0,,327.2,2279.5,0.847,4.3,0,0,0,0,0,0,0,,,,0,0,
ton_full,vbccoh,512,bonf,0.244,0.0,0.68,-1.968,,2,205,0.07,59272.0,578.3,3951.5,0.79,4.0,2,0,2,0,0,0,0,0.0,0.0,0.842,0,2,0.0945
ton_full,vbccoh,512,pser,0.353,0.0,1.009,-1.968,,2,207,0.07,59920.0,578.9,3994.7,0.797,4.04,1,1,2,0,0,0,0,0.0,0.0,0.842,0,2,0.075
ton_full,vbccoh,1024,bonf,0.463,0.0,1.216,-1.968,,3,205,0.1,74186.7,1085.7,7418.7,0.751,3.76,3,0,2,1,0,0,0,0.0,0.0,0.842,0,3,0.0664
ton_full,vbccoh,1024,pser,0.457,0.0,1.216,-1.968,,2,205,0.07,111360.0,1086.4,7424.0,0.751,3.78,2,0,2,0,0,0,0,0.0,0.0,0.842,0,2,0.0664
ton_full,vbcref,64,bonf,0.0,0.0,0.0,-1.968,,0,209,0.0,,141.9,988.3,0.943,4.71,0,0,0,0,0,0,0,,,,0,0,
ton_full,vbcref,64,pser,0.0,0.0,0.0,-1.968,,0,209,0.0,,141.9,988.3,0.943,4.71,0,0,0,0,0,0,0,,,,0,0,
ton_full,vbcref,128,bonf,0.0,0.0,0.0,-1.968,,0,209,0.0,,203.2,1415.5,0.909,4.55,0,0,0,0,0,0,0,,,,0,0,
ton_full,vbcref,128,pser,0.0,0.0,0.0,-1.968,,0,209,0.0,,203.6,1418.1,0.914,4.57,0,0,0,0,0,0,0,,,,0,0,
ton_full,vbcref,256,bonf,0.0,0.0,0.0,-1.968,,0,209,0.0,,330.0,2299.2,0.895,4.47,0,0,0,0,0,0,0,,,,0,0,
ton_full,vbcref,256,pser,0.0,0.0,0.0,-1.968,,0,209,0.0,,329.6,2296.5,0.89,4.45,0,0,0,0,0,0,0,,,,0,0,
ton_full,vbcref,512,bonf,0.191,0.0,0.573,-1.968,,1,206,0.03,119680.0,581.0,3989.3,0.835,4.17,1,0,1,0,0,0,0,0.0,0.0,0.975,0,1,0.1156
ton_full,vbcref,512,pser,0.143,0.0,0.428,-1.968,,1,207,0.03,120432.0,581.8,4014.4,0.845,4.23,1,0,1,0,0,0,0,0.0,0.0,0.975,0,1,0.1562
ton_full,vbcref,1024,bonf,0.457,0.0,1.216,-1.968,,2,205,0.07,111448.0,1087.3,7429.9,0.766,3.83,2,0,2,0,0,0,0,0.0,0.0,0.842,0,2,0.0664
ton_full,vbcref,1024,pser,0.457,0.0,1.216,-1.968,,2,205,0.07,111552.0,1088.3,7436.8,0.776,3.88,2,0,2,0,0,0,0,0.0,0.0,0.842,0,2,0.0664
ton_zero,ebcsdef,64,bonf,0.0,0.0,0.0,-5.351,,0,91,0.0,,134.9,409.1,0.791,4.33,0,0,0,0,0,0,0,,,,0,0,
ton_zero,ebcsdef,64,pser,0.0,0.0,0.0,-5.351,,0,91,0.0,,133.1,403.7,0.758,4.18,0,0,0,0,0,0,0,,,,0,0,
ton_zero,ebcsdef,128,bonf,0.0,0.0,0.0,-5.351,,0,91,0.0,,191.5,580.8,0.758,3.91,0,0,0,0,0,0,0,,,,0,0,
ton_zero,ebcsdef,128,pser,0.0,0.0,0.0,-5.351,,0,91,0.0,,190.1,576.5,0.747,3.82,0,0,0,0,0,0,0,,,,0,0,
ton_zero,ebcsdef,256,bonf,0.0,0.0,0.0,-5.351,,0,91,0.0,,317.7,963.7,0.736,3.8,0,0,0,0,0,0,0,,,,0,0,
ton_zero,ebcsdef,256,pser,0.0,0.0,0.0,-5.351,,0,91,0.0,,317.5,963.2,0.747,3.79,0,0,0,0,0,0,0,,,,0,0,
ton_zero,ebcsdef,512,bonf,0.0,0.0,0.0,-5.351,,0,91,0.0,,571.8,1734.4,0.736,3.68,0,0,0,0,0,0,0,,,,0,0,
ton_zero,ebcsdef,512,pser,0.0,0.0,0.0,-5.351,,0,91,0.0,,570.9,1731.7,0.725,3.63,0,0,0,0,0,0,0,,,,0,0,
ton_zero,ebcsdef,1024,bonf,0.0,0.0,0.0,-5.351,,0,91,0.0,,1081.7,3281.1,0.703,3.55,0,0,0,0,0,0,0,,,,0,0,
ton_zero,ebcsdef,1024,pser,0.0,0.0,0.0,-5.351,,0,91,0.0,,1078.5,3271.5,0.67,3.35,0,0,0,0,0,0,0,,,,0,0,
ton_zero,vbccoh,64,bonf,0.0,0.0,0.0,-5.351,,0,91,0.0,,139.4,422.9,0.879,4.57,0,0,0,0,0,0,0,,,,0,0,
ton_zero,vbccoh,64,pser,0.0,0.0,0.0,-5.351,,0,91,0.0,,138.5,420.3,0.879,4.52,0,0,0,0,0,0,0,,,,0,0,
ton_zero,vbccoh,128,bonf,0.0,0.0,0.0,-5.351,,0,91,0.0,,201.0,609.6,0.846,4.42,0,0,0,0,0,0,0,,,,0,0,
ton_zero,vbccoh,128,pser,0.0,0.0,0.0,-5.351,,0,91,0.0,,199.9,606.4,0.835,4.35,0,0,0,0,0,0,0,,,,0,0,
ton_zero,vbccoh,256,bonf,0.0,0.0,0.0,-5.351,,0,91,0.0,,320.4,971.7,0.769,3.97,0,0,0,0,0,0,0,,,,0,0,
ton_zero,vbccoh,256,pser,0.0,0.0,0.0,-5.351,,0,91,0.0,,319.6,969.6,0.769,3.88,0,0,0,0,0,0,0,,,,0,0,
ton_zero,vbccoh,512,bonf,0.0,0.0,0.0,-5.351,,0,91,0.0,,574.1,1741.3,0.747,3.82,0,0,0,0,0,0,0,,,,0,0,
ton_zero,vbccoh,512,pser,0.0,0.0,0.0,-5.351,,0,91,0.0,,572.7,1737.1,0.736,3.74,0,0,0,0,0,0,0,,,,0,0,
ton_zero,vbccoh,1024,bonf,0.0,0.0,0.0,-5.351,,0,91,0.0,,1083.8,3287.5,0.736,3.68,0,0,0,0,0,0,0,,,,0,0,
ton_zero,vbccoh,1024,pser,0.0,0.0,0.0,-5.351,,0,91,0.0,,1083.8,3287.5,0.736,3.68,0,0,0,0,0,0,0,,,,0,0,
ton_zero,vbcref,64,bonf,0.0,0.0,0.0,-5.351,,0,91,0.0,,142.8,433.1,0.956,4.78,0,0,0,0,0,0,0,,,,0,0,
ton_zero,vbcref,64,pser,0.0,0.0,0.0,-5.351,,0,91,0.0,,142.8,433.1,0.956,4.78,0,0,0,0,0,0,0,,,,0,0,
ton_zero,vbcref,128,bonf,0.0,0.0,0.0,-5.351,,0,91,0.0,,202.4,613.9,0.901,4.51,0,0,0,0,0,0,0,,,,0,0,
ton_zero,vbcref,128,pser,0.0,0.0,0.0,-5.351,,0,91,0.0,,201.5,611.2,0.89,4.45,0,0,0,0,0,0,0,,,,0,0,
ton_zero,vbcref,256,bonf,0.0,0.0,0.0,-5.351,,0,91,0.0,,328.6,996.8,0.879,4.4,0,0,0,0,0,0,0,,,,0,0,
ton_zero,vbcref,256,pser,0.0,0.0,0.0,-5.351,,0,91,0.0,,326.9,991.5,0.857,4.29,0,0,0,0,0,0,0,,,,0,0,
ton_zero,vbcref,512,bonf,0.0,0.0,0.0,-5.351,,0,91,0.0,,574.4,1742.4,0.769,3.85,0,0,0,0,0,0,0,,,,0,0,
ton_zero,vbcref,512,pser,0.0,0.0,0.0,-5.351,,0,91,0.0,,574.4,1742.4,0.769,3.85,0,0,0,0,0,0,0,,,,0,0,
ton_zero,vbcref,1024,bonf,0.0,0.0,0.0,-5.351,,0,91,0.0,,1083.8,3287.5,0.736,3.68,0,0,0,0,0,0,0,,,,0,0,
ton_zero,vbcref,1024,pser,0.0,0.0,0.0,-5.351,,0,91,0.0,,1083.8,3287.5,0.736,3.68,0,0,0,0,0,0,0,,,,0,0,
