scenario,contrast,effect_pp,ci95_lo,ci95_hi,ci90_lo,ci90_hi,note
ps_full,ps_full: naive-2000 vs never,9.4432,7.2565,11.5357,7.5987,11.2013,"descriptive by amendment (anchor or secondary cell), uncorrected"
ps_full,ps_full: point-2000 vs naive-2000 (anchor),0.0844,-0.037,0.2219,-0.0187,0.1979,"descriptive by amendment (anchor or secondary cell), uncorrected"
ps_full,ps_full: strict-2000 vs naive-2000 (anchor),-0.1609,-0.3628,0.0279,-0.3279,-0.0008,"descriptive by amendment (anchor or secondary cell), uncorrected"
ps_full,ps_full: naive-512 vs never,8.4706,6.3107,10.569,6.6557,10.2208,"descriptive by amendment (anchor or secondary cell), uncorrected"
ps_full,ps_full: point-512 vs naive-512,0.219,0.043,0.4281,0.0674,0.3914,"descriptive by amendment (anchor or secondary cell), uncorrected"
ps_full,ps_full: strict-512 vs naive-512,-0.0255,-0.2945,0.2586,-0.2531,0.2115,"descriptive by amendment (anchor or secondary cell), uncorrected"
unsw_full,unsw_full: naive-2000 vs never,4.057,3.8633,4.2503,3.8943,4.2198,"descriptive by amendment (anchor or secondary cell), uncorrected"
unsw_full,unsw_full: point-2000 vs naive-2000 (anchor),-0.0023,-0.0906,0.0904,-0.0768,0.0753,"descriptive by amendment (anchor or secondary cell), uncorrected"
unsw_full,unsw_full: strict-2000 vs naive-2000 (anchor),-0.2273,-0.3857,-0.0786,-0.3586,-0.1016,"descriptive by amendment (anchor or secondary cell), uncorrected"
unsw_full,unsw_full: naive-512 vs never,2.406,2.1638,2.6477,2.201,2.6089,"descriptive by amendment (anchor or secondary cell), uncorrected"
unsw_full,unsw_full: point-512 vs naive-512,0.1771,0.0206,0.3573,0.0437,0.3247,"descriptive by amendment (anchor or secondary cell), uncorrected"
unsw_full,unsw_full: strict-512 vs naive-512,-0.0385,-0.2513,0.187,-0.2182,0.1503,"descriptive by amendment (anchor or secondary cell), uncorrected"
ton_full,ton_full: naive-2000 vs never,2.4969,2.0242,2.9987,2.0951,2.9159,"descriptive by amendment (anchor or secondary cell), uncorrected"
ton_full,ton_full: point-2000 vs naive-2000 (anchor),0.1982,0.0005,0.4607,0.0232,0.4138,"descriptive by amendment (anchor or secondary cell), uncorrected"
ton_full,ton_full: strict-2000 vs naive-2000 (anchor),-0.2185,-0.6286,0.1862,-0.5573,0.1216,"descriptive by amendment (anchor or secondary cell), uncorrected"
ton_full,ton_full: naive-512 vs never,1.1924,0.6951,1.6776,0.7758,1.6023,"descriptive by amendment (anchor or secondary cell), uncorrected"
ton_full,ton_full: point-512 vs naive-512,0.6693,0.3414,1.0154,0.3909,0.9607,"descriptive by amendment (anchor or secondary cell), uncorrected"
ton_full,ton_full: strict-512 vs naive-512,0.5729,0.0813,1.0594,0.1547,0.9823,"descriptive by amendment (anchor or secondary cell), uncorrected"
ps_zero,ps_zero: naive-2000 vs never,0.2458,-0.3471,1.0044,-0.2784,0.8646,"descriptive by amendment (anchor or secondary cell), uncorrected"
ps_zero,ps_zero: point-2000 vs naive-2000 (anchor),0.2414,0.1115,0.3966,0.1292,0.3698,"descriptive by amendment (anchor or secondary cell), uncorrected"
ps_zero,ps_zero: strict-2000 vs naive-2000 (anchor),0.3896,0.2138,0.5747,0.2393,0.5424,"descriptive by amendment (anchor or secondary cell), uncorrected"
ps_zero,ps_zero: naive-512 vs never,-1.6562,-2.3484,-0.8492,-2.251,-0.9865,"descriptive by amendment (anchor or secondary cell), uncorrected"
ps_zero,ps_zero: point-512 vs naive-512,0.9526,0.5857,1.3758,0.6372,1.3034,"descriptive by amendment (anchor or secondary cell), uncorrected"
ps_zero,ps_zero: strict-512 vs naive-512,1.9638,1.512,2.4294,1.5846,2.3518,"descriptive by amendment (anchor or secondary cell), uncorrected"
unsw_zero,unsw_zero: naive-2000 vs never,0.0724,0.0042,0.1359,0.0154,0.1263,"descriptive by amendment (anchor or secondary cell), uncorrected"
unsw_zero,unsw_zero: point-2000 vs naive-2000 (anchor),0.0156,-0.0047,0.038,-0.0021,0.0344,"descriptive by amendment (anchor or secondary cell), uncorrected"
unsw_zero,unsw_zero: strict-2000 vs naive-2000 (anchor),-0.0122,-0.0688,0.0479,-0.0602,0.0375,"descriptive by amendment (anchor or secondary cell), uncorrected"
unsw_zero,unsw_zero: naive-512 vs never,-0.5802,-0.6883,-0.4711,-0.6711,-0.4885,"descriptive by amendment (anchor or secondary cell), uncorrected"
unsw_zero,unsw_zero: point-512 vs naive-512,0.1409,0.0404,0.2487,0.0555,0.2305,"descriptive by amendment (anchor or secondary cell), uncorrected"
unsw_zero,unsw_zero: strict-512 vs naive-512,0.4021,0.2836,0.5284,0.3005,0.5065,"descriptive by amendment (anchor or secondary cell), uncorrected"
ton_zero,ton_zero: naive-2000 vs never,0.0201,-0.0333,0.0826,-0.0255,0.0708,"descriptive by amendment (anchor or secondary cell), uncorrected"
ton_zero,ton_zero: point-2000 vs naive-2000 (anchor),0.0076,0.0005,0.0193,0.001,0.0174,"descriptive by amendment (anchor or secondary cell), uncorrected"
ton_zero,ton_zero: strict-2000 vs naive-2000 (anchor),-0.0302,-0.0906,0.0214,-0.0799,0.0141,"descriptive by amendment (anchor or secondary cell), uncorrected"
ton_zero,ton_zero: naive-512 vs never,-0.3469,-0.5195,-0.1911,-0.4904,-0.2138,"descriptive by amendment (anchor or secondary cell), uncorrected"
ton_zero,ton_zero: point-512 vs naive-512,0.1479,0.0208,0.2974,0.0383,0.2714,"descriptive by amendment (anchor or secondary cell), uncorrected"
ton_zero,ton_zero: strict-512 vs naive-512,0.2781,0.126,0.4414,0.1492,0.4138,"descriptive by amendment (anchor or secondary cell), uncorrected"
