scenario,policy,candidate_size,d_recall_vs_naive_pp,recall_onesided_lo95,d_fpr_vs_naive_pp,fpr_onesided_hi95,recall_NI_principal,fpr_NI_principal
ps_full,point,2000,0.0823,-0.088,-0.0865,0.1229,True,True
ps_full,strict,2000,0.1771,-0.1344,0.499,0.8036,True,False
ps_full,atc,2000,-1.1714,-2.401,0.1188,0.425,False,True
ps_full,doc,2000,-4.8542,-7.4792,0.325,0.6688,False,False
ps_full,enscal,2000,-1.6682,-2.3094,-1.4901,-1.2219,False,True
ps_full,replay,2000,0.7411,0.5526,2.5276,3.1672,True,False
ps_full,ddm,2000,0.1635,-0.6182,1.7312,2.3953,True,False
ps_full,adwin,2000,-14.9703,-18.6281,2.4932,3.8354,False,False
ps_full,point,512,0.2255,-0.0068,-0.2125,0.1365,True,True
ps_full,strict,512,0.176,-0.1427,0.2271,0.7057,True,False
ps_full,atc,512,-3.4781,-5.6234,0.1667,0.7411,False,False
ps_full,doc,512,-8.212,-10.9187,-0.9573,-0.5031,False,True
ps_full,enscal,512,-1.4776,-2.1818,-2.499,-2.1786,False,True
unsw_full,point,2000,0.0062,-0.0781,0.0109,0.2115,True,True
unsw_full,strict,2000,0.1198,0.0021,0.5745,0.9094,True,False
unsw_full,atc,2000,0.2557,0.1333,0.6953,1.0995,True,False
unsw_full,doc,2000,0.376,0.1484,1.5505,2.0266,True,False
unsw_full,enscal,2000,-0.6396,-0.7453,0.2036,0.3714,True,True
unsw_full,replay,2000,0.6979,0.5641,4.8359,5.1542,True,False
unsw_full,ddm,2000,1.0901,0.7734,6.4302,7.5927,True,False
unsw_full,adwin,2000,1.4344,1.0979,9.5484,10.0766,True,False
unsw_full,point,512,-0.0854,-0.3005,-0.4396,-0.0063,True,True
unsw_full,strict,512,0.1547,-0.1068,0.2318,0.7912,True,False
unsw_full,atc,512,0.1599,-0.1161,0.3224,0.9349,True,False
unsw_full,doc,512,0.4734,0.1365,1.4438,2.1318,True,False
unsw_full,enscal,512,-0.7229,-0.8771,-1.3167,-1.049,True,True
ton_full,point,2000,-0.05,-0.1031,-0.4464,-0.0516,True,True
ton_full,strict,2000,-0.6036,-0.8063,-0.1667,0.4964,True,True
ton_full,atc,2000,0.0224,-0.0151,-0.1823,-0.0109,True,True
ton_full,doc,2000,-0.0552,-0.1083,-0.4724,-0.0786,True,True
ton_full,enscal,2000,-0.4583,-0.5573,0.0089,0.45,True,True
ton_full,replay,2000,-0.724,-0.9031,1.7156,2.1297,True,False
ton_full,ddm,2000,-2.5187,-3.124,1.0927,1.5365,False,False
ton_full,adwin,2000,-3.887,-4.575,1.1068,1.5255,False,False
ton_full,point,512,-0.313,-0.4828,-1.6516,-1.0083,True,True
ton_full,strict,512,-0.6635,-0.9516,-1.8094,-0.8875,True,True
ton_full,atc,512,-0.1578,-0.2943,-1.125,-0.6182,True,True
ton_full,doc,512,-0.3312,-0.512,-1.8896,-1.2682,True,True
ton_full,enscal,512,-0.2786,-0.4255,-1.8875,-1.3734,True,True
ps_zero,point,2000,0.0151,0.0042,-0.4677,-0.2479,True,True
ps_zero,strict,2000,0.013,-0.0005,-0.7661,-0.4672,True,True
ps_zero,atc,2000,0.013,-0.001,-0.5292,-0.2594,True,True
ps_zero,doc,2000,0.0156,0.0021,-0.7745,-0.4745,True,True
ps_zero,enscal,2000,-0.1859,-0.2495,-3.113,-2.763,True,True
ps_zero,replay,2000,-0.0219,-0.0547,-0.3401,-0.0417,True,True
ps_zero,ddm,2000,-0.0677,-0.1427,-0.3766,0.6958,True,False
ps_zero,adwin,2000,-0.0396,-0.1005,0.4521,1.6536,True,False
ps_zero,point,512,0.0693,0.0302,-1.8359,-1.2125,True,True
ps_zero,strict,512,0.1484,0.0828,-3.7792,-3.0281,True,True
ps_zero,atc,512,0.0745,-0.0031,-3.2292,-2.4807,True,True
ps_zero,doc,512,0.1063,0.0333,-3.7615,-3.0078,True,True
ps_zero,enscal,512,-0.1891,-0.2328,-6.0474,-5.3568,True,True
unsw_zero,point,2000,-0.0203,-0.1005,-0.0516,0.0453,True,True
unsw_zero,strict,2000,-0.1714,-0.4349,-0.1469,0.1344,True,True
unsw_zero,atc,2000,-0.1271,-0.3651,-0.0516,0.2016,True,True
unsw_zero,doc,2000,-0.2406,-0.512,-0.2089,0.1109,True,True
unsw_zero,enscal,2000,-1.6708,-1.8599,-1.775,-1.5593,False,True
unsw_zero,replay,2000,-0.1156,-0.2859,-0.075,0.1719,True,True
unsw_zero,ddm,2000,0.1797,-0.1521,0.3245,0.7109,True,False
unsw_zero,adwin,2000,0.0229,-0.2917,0.1677,0.5234,True,False
unsw_zero,point,512,-0.1516,-0.3271,-0.4333,-0.1557,True,True
unsw_zero,strict,512,-0.449,-0.7354,-1.2531,-0.8672,True,True
unsw_zero,atc,512,-0.4552,-0.6448,-0.9479,-0.6432,True,True
unsw_zero,doc,512,-0.8391,-1.263,-1.6375,-1.1005,False,True
unsw_zero,enscal,512,-2.0021,-2.1839,-2.4031,-2.175,False,True
ton_zero,point,2000,0.0146,0.0,-0.0005,0.0062,True,True
ton_zero,strict,2000,-0.0495,-0.1375,0.0109,0.0552,True,True
ton_zero,atc,2000,0.0021,-0.0427,0.0115,0.0479,True,True
ton_zero,doc,2000,0.0318,-0.0198,-0.0198,0.0099,True,True
ton_zero,enscal,2000,0.0339,-0.026,-0.0109,0.0073,True,True
ton_zero,replay,2000,0.0146,-0.0469,0.0427,0.126,True,True
ton_zero,ddm,2000,0.0484,-0.0708,0.2109,0.6193,True,False
ton_zero,adwin,2000,-0.0292,-0.1193,0.0109,0.0552,True,True
ton_zero,point,512,-0.1109,-0.212,-0.4068,-0.1062,True,True
ton_zero,strict,512,-0.0599,-0.1901,-0.6161,-0.2932,True,True
ton_zero,atc,512,-0.0255,-0.1646,-0.5479,-0.0948,True,True
ton_zero,doc,512,-0.0995,-0.2521,-0.987,-0.5568,True,True
ton_zero,enscal,512,-0.0901,-0.2286,-0.8031,-0.4531,True,True
