source,tier,noadapt_ba,best_actual_method,best_actual_ba,best_adaptive_method,best_adaptive_ba,best_gain_method,best_gain_vs_noadapt,worst_gain_method,worst_gain_vs_noadapt,n_adaptive_methods_positive_gain,n_adaptive_methods_negative_gain,best_qk_method,best_qk_ba,best_qk_gain_vs_noadapt,policy_problem_signal,policy_opportunity_signal,mixed_policy_signal
paper2_progressive_cicids_tuesday_friday_ddos_final_001,final,0.6983020833333333,QK-MMD ZZ,0.8932708333333333,QK-MMD ZZ,0.8932708333333333,QK-MMD ZZ,19.496875,KS-max,18.584375,6,0,QK-MMD ZZ,0.8932708333333333,19.496875,False,True,False
paper2_progressive_cicids_tuesday_friday_portscan_final_001,final,0.8770755208333333,QK-MMD ZZ,0.9391145833333332,QK-MMD ZZ,0.9391145833333332,QK-MMD ZZ,6.20390625,MMD-RBF,2.9401041666666665,6,0,QK-MMD ZZ,0.9391145833333332,6.20390625,False,True,False
paper2_progressive_classical_baselines_final_001,final,0.7659322916666667,QK-MMD ZZ,0.8848255208333333,QK-MMD ZZ,0.8848255208333333,QK-MMD ZZ,11.889322916666666,KS-max,11.128385416666667,6,0,QK-MMD ZZ,0.8848255208333333,11.889322916666666,False,True,False
paper2_progressive_readaptation_final_001,final,0.7274739583333333,QK-MMD ZZ,0.8812630208333334,QK-MMD ZZ,0.8812630208333334,QK-MMD ZZ,15.37890625,QK-MMD PauliXZ,14.985677083333334,3,0,QK-MMD ZZ,0.8812630208333334,15.37890625,False,True,False
paper2_progressive_readaptation_final_002,final,0.7274739583333333,QK-MMD ZZ,0.8802968750000001,QK-MMD ZZ,0.8802968750000001,QK-MMD ZZ,15.282291666666667,MMD-RBF,14.674479166666666,3,0,QK-MMD ZZ,0.8802968750000001,15.282291666666667,False,True,False
paper2_progressive_thursday_webattacks_final_001,final,0.842625,QK-MMD PauliXZ,0.919109375,QK-MMD PauliXZ,0.919109375,QK-MMD PauliXZ,7.6484375,Energy distance,5.745052083333333,6,0,QK-MMD PauliXZ,0.919109375,7.6484375,False,True,False
paper2_progressive_thursday_webattacks_medium_001,medium,0.8318515625,QK-MMD PauliXZ,0.92534375,QK-MMD PauliXZ,0.92534375,QK-MMD PauliXZ,9.34921875,Energy distance,5.91640625,6,0,QK-MMD PauliXZ,0.92534375,9.34921875,False,True,False
paper2_ton_iot_scanning_medium_001,medium,0.920125,No adaptation,0.920125,QK-MMD PauliXZ,0.91390625,QK-MMD PauliXZ,-0.621875,MMD-RBF,-4.49140625,0,6,QK-MMD PauliXZ,0.91390625,-0.621875,True,False,False
paper2_unsw_nb15_dos_medium_001,medium,0.8400546875,KS-max,0.853953125,KS-max,0.853953125,KS-max,1.38984375,QK-MMD ZZ,0.440625,6,0,QK-MMD PauliXZ,0.8496171875,0.95625,False,True,False
paper2_unsw_nb15_reconnaissance_medium_001,medium,0.8460234375000001,QK-MMD ZZ,0.8494609375,QK-MMD ZZ,0.8494609375,QK-MMD ZZ,0.34375,JSD,-0.12890625,4,2,QK-MMD ZZ,0.8494609375,0.34375,True,True,True
paulixz_r1,medium,0.7610390625,QK-MMD PauliXZ,0.8807265624999999,QK-MMD PauliXZ,0.8807265624999999,QK-MMD PauliXZ,11.96875,QK-MMD PauliXZ,11.96875,1,0,QK-MMD PauliXZ,0.8807265624999999,11.96875,False,True,False
paulixz_r2,medium,0.7610390625,QK-MMD PauliXZ,0.8789296875,QK-MMD PauliXZ,0.8789296875,QK-MMD PauliXZ,11.7890625,QK-MMD PauliXZ,11.7890625,1,0,QK-MMD PauliXZ,0.8789296875,11.7890625,False,True,False
paulixz_r3,medium,0.7610390625,QK-MMD PauliXZ,0.886671875,QK-MMD PauliXZ,0.886671875,QK-MMD PauliXZ,12.56328125,QK-MMD PauliXZ,12.56328125,1,0,QK-MMD PauliXZ,0.886671875,12.56328125,False,True,False
zz_r1,medium,0.7610390625,QK-MMD ZZ,0.88665625,QK-MMD ZZ,0.88665625,QK-MMD ZZ,12.56171875,QK-MMD ZZ,12.56171875,1,0,QK-MMD ZZ,0.88665625,12.56171875,False,True,False
zz_r2,medium,0.7610390625,QK-MMD ZZ,0.87715625,QK-MMD ZZ,0.87715625,QK-MMD ZZ,11.61171875,QK-MMD ZZ,11.61171875,1,0,QK-MMD ZZ,0.87715625,11.61171875,False,True,False
zz_r3,medium,0.7610390625,QK-MMD ZZ,0.883140625,QK-MMD ZZ,0.883140625,QK-MMD ZZ,12.21015625,QK-MMD ZZ,12.21015625,1,0,QK-MMD ZZ,0.883140625,12.21015625,False,True,False
paper2_progressive_cicids_tuesday_friday_ddos_smoke_001,smoke,0.67578125,MMD-RBF,0.901171875,MMD-RBF,0.901171875,MMD-RBF,4.5078125,QK-MMD PauliXZ,3.796875,6,0,QK-MMD ZZ,0.8721354166666666,3.9270833333333335,False,True,False
paper2_progressive_cicids_tuesday_friday_portscan_smoke_001,smoke,0.8679687500000001,KS-max,0.932421875,KS-max,0.932421875,KS-max,1.2890625,QK-MMD ZZ,-0.0520833333333333,5,1,QK-MMD PauliXZ,0.9322916666666666,1.2864583333333333,False,True,True
paper2_progressive_classical_baselines_smoke_001,smoke,0.7522135416666668,Energy distance,0.8997395833333334,Energy distance,0.8997395833333334,Energy distance,2.950520833333333,QK-MMD PauliXZ,2.4453125,6,0,QK-MMD ZZ,0.8842447916666667,2.640625,False,True,False
paper2_progressive_readaptation_smoke_001,smoke,0.7198350694444445,QK-MMD ZZ,0.8755208333333333,QK-MMD ZZ,0.8755208333333333,QK-MMD ZZ,9.341145833333334,MMD-RBF,7.377604166666667,3,0,QK-MMD ZZ,0.8755208333333333,9.341145833333334,False,True,False
paper2_progressive_thursday_webattacks_smoke_001,smoke,0.7878906250000001,MMD-RBF,0.8817708333333334,MMD-RBF,0.8817708333333334,MMD-RBF,1.8776041666666667,Energy distance,0.84375,3,0,QK-MMD ZZ,0.8445312500000001,1.1328125,False,True,False
paper2_ton_iot_ddos_smoke_001,smoke,0.93125,No adaptation,0.93125,MMD-RBF,0.90859375,MMD-RBF,-0.453125,QK-MMD ZZ,-4.807291666666667,0,6,QK-MMD PauliXZ,0.8035156250000001,-2.5546875,True,False,False
paper2_ton_iot_injection_smoke_001,smoke,0.9291666666666668,KS-max,0.9325520833333334,KS-max,0.9325520833333334,KS-max,0.0677083333333333,QK-MMD ZZ,-0.3541666666666667,1,5,QK-MMD PauliXZ,0.9274739583333332,-0.0338541666666666,True,False,True
paper2_ton_iot_scanning_smoke_001,smoke,0.9180989583333332,QK-MMD ZZ,0.930859375,QK-MMD ZZ,0.930859375,QK-MMD ZZ,0.2552083333333333,QK-MMD PauliXZ,-0.65625,2,4,QK-MMD ZZ,0.930859375,0.2552083333333333,True,True,True
paper2_unsw_nb15_dos_smoke_001,smoke,0.8290364583333334,QK-MMD ZZ,0.8506510416666666,QK-MMD ZZ,0.8506510416666666,QK-MMD ZZ,0.4322916666666667,MMD-RBF,0.2890625,3,0,QK-MMD ZZ,0.8506510416666666,0.4322916666666667,False,True,False
paper2_unsw_nb15_reconnaissance_smoke_001,smoke,0.8346354166666666,MMD-RBF,0.8454427083333332,MMD-RBF,0.8454427083333332,MMD-RBF,0.2161458333333333,QK-MMD ZZ,0.1119791666666666,3,0,QK-MMD ZZ,0.840234375,0.1119791666666666,False,True,False
paulixz_r1,smoke,0.7522135416666668,QK-MMD PauliXZ,0.8744791666666667,QK-MMD PauliXZ,0.8744791666666667,QK-MMD PauliXZ,2.4453125,QK-MMD PauliXZ,2.4453125,1,0,QK-MMD PauliXZ,0.8744791666666667,2.4453125,False,True,False
paulixz_r2,smoke,0.7522135416666668,QK-MMD PauliXZ,0.8708333333333332,QK-MMD PauliXZ,0.8708333333333332,QK-MMD PauliXZ,2.372395833333333,QK-MMD PauliXZ,2.372395833333333,1,0,QK-MMD PauliXZ,0.8708333333333332,2.372395833333333,False,True,False
paulixz_r3,smoke,0.7522135416666668,QK-MMD PauliXZ,0.8708333333333332,QK-MMD PauliXZ,0.8708333333333332,QK-MMD PauliXZ,2.372395833333333,QK-MMD PauliXZ,2.372395833333333,1,0,QK-MMD PauliXZ,0.8708333333333332,2.372395833333333,False,True,False
zz_r1,smoke,0.7522135416666668,QK-MMD ZZ,0.8842447916666667,QK-MMD ZZ,0.8842447916666667,QK-MMD ZZ,2.640625,QK-MMD ZZ,2.640625,1,0,QK-MMD ZZ,0.8842447916666667,2.640625,False,True,False
zz_r2,smoke,0.7522135416666668,QK-MMD ZZ,0.8842447916666667,QK-MMD ZZ,0.8842447916666667,QK-MMD ZZ,2.640625,QK-MMD ZZ,2.640625,1,0,QK-MMD ZZ,0.8842447916666667,2.640625,False,True,False
zz_r3,smoke,0.7522135416666668,QK-MMD ZZ,0.8842447916666667,QK-MMD ZZ,0.8842447916666667,QK-MMD ZZ,2.640625,QK-MMD ZZ,2.640625,1,0,QK-MMD ZZ,0.8842447916666667,2.640625,False,True,False
