scenario,method_a,method_b,metric,n_pairs,mean_diff_a_minus_b,ci95_low,ci95_high,prob_diff_gt_0,positive_means,ci_excludes_zero_positive
Wednesday,QK-MMD ZZ,Energy distance,mean_balanced_accuracy,30,0.00010156249999999644,-0.005654036458333353,0.006521093749999995,0.4,QK-MMD ZZ better accuracy,False
Wednesday,Energy distance,QK-MMD ZZ,cumulative_error_area,30,0.01015625,-0.5654036458333332,0.6521093749999997,0.4,QK-MMD ZZ lower degradation,False
Wednesday,QK-MMD ZZ,Energy distance,cumulative_gain_vs_no_adapt,30,0.01015625,-0.5654036458333332,0.6521093749999997,0.4,QK-MMD ZZ higher gain,False
Wednesday,Energy distance,QK-MMD ZZ,n_adaptations,30,2.1,1.7333333333333334,2.433333333333333,0.9666666666666667,QK-MMD ZZ fewer readaptations,True
Wednesday,QK-MMD ZZ,Energy distance,adaptation_efficiency,30,1.5519357638888889,1.1685707465277777,1.955149197048611,0.9666666666666667,QK-MMD ZZ better adaptation efficiency,True
Wednesday,QK-MMD ZZ,Energy distance,detector_runtime_sec_total,30,5.995440043190805,5.917411378477797,6.07627994961959,1.0,QK-MMD ZZ more expensive,True
Wednesday,QK-MMD ZZ,JSD,mean_balanced_accuracy,30,0.0038333333333333292,-0.002687565104166676,0.012677213541666652,0.6,QK-MMD ZZ better accuracy,False
Wednesday,JSD,QK-MMD ZZ,cumulative_error_area,30,0.38333333333333336,-0.26875651041666665,1.2677213541666665,0.6,QK-MMD ZZ lower degradation,False
Wednesday,QK-MMD ZZ,JSD,cumulative_gain_vs_no_adapt,30,0.38333333333333336,-0.26875651041666665,1.2677213541666665,0.6,QK-MMD ZZ higher gain,False
Wednesday,JSD,QK-MMD ZZ,n_adaptations,30,0.43333333333333335,0.2,0.6666666666666666,0.4666666666666667,QK-MMD ZZ fewer readaptations,True
Wednesday,QK-MMD ZZ,JSD,adaptation_efficiency,30,0.5981119791666666,0.2284906684027779,1.0014957682291663,0.7333333333333333,QK-MMD ZZ better adaptation efficiency,True
Wednesday,QK-MMD ZZ,JSD,detector_runtime_sec_total,30,6.027255310067752,5.9492523495629825,6.107062415702093,1.0,QK-MMD ZZ more expensive,True
Wednesday,QK-MMD ZZ,KS-max,mean_balanced_accuracy,30,0.007609375,-0.00043749999999999085,0.018901302083333342,0.5,QK-MMD ZZ better accuracy,False
Wednesday,KS-max,QK-MMD ZZ,cumulative_error_area,30,0.7609375,-0.04375,1.890130208333333,0.5,QK-MMD ZZ lower degradation,False
Wednesday,QK-MMD ZZ,KS-max,cumulative_gain_vs_no_adapt,30,0.7609375,-0.04375,1.890130208333333,0.5,QK-MMD ZZ higher gain,False
Wednesday,KS-max,QK-MMD ZZ,n_adaptations,30,0.3,0.03333333333333333,0.5666666666666667,0.3333333333333333,QK-MMD ZZ fewer readaptations,True
Wednesday,QK-MMD ZZ,KS-max,adaptation_efficiency,30,0.6166189236111113,0.2840170355902778,0.9885687934027776,0.7333333333333333,QK-MMD ZZ better adaptation efficiency,True
Wednesday,QK-MMD ZZ,KS-max,detector_runtime_sec_total,30,5.846182936783104,5.7710645711540325,5.924837017925359,1.0,QK-MMD ZZ more expensive,True
Wednesday,QK-MMD ZZ,MMD-RBF,mean_balanced_accuracy,30,0.004921875000000009,-0.0016745442708333202,0.013018424479166664,0.5,QK-MMD ZZ better accuracy,False
Wednesday,MMD-RBF,QK-MMD ZZ,cumulative_error_area,30,0.4921875,-0.16745442708333333,1.3018424479166664,0.5,QK-MMD ZZ lower degradation,False
Wednesday,QK-MMD ZZ,MMD-RBF,cumulative_gain_vs_no_adapt,30,0.4921875,-0.16745442708333333,1.3018424479166664,0.5,QK-MMD ZZ higher gain,False
Wednesday,MMD-RBF,QK-MMD ZZ,n_adaptations,30,0.9333333333333333,0.6333333333333333,1.2,0.7,QK-MMD ZZ fewer readaptations,True
Wednesday,QK-MMD ZZ,MMD-RBF,adaptation_efficiency,30,1.0745399305555556,0.7197112630208333,1.4480425347222219,0.8333333333333334,QK-MMD ZZ better adaptation efficiency,True
Wednesday,QK-MMD ZZ,MMD-RBF,detector_runtime_sec_total,30,4.410674840107094,4.320250390371753,4.492283610318361,1.0,QK-MMD ZZ more expensive,True
Wednesday,QK-MMD ZZ,QK-MMD PauliXZ,mean_balanced_accuracy,30,0.0063515625000000004,-0.0012395833333333386,0.015935091145833323,0.5,QK-MMD ZZ better accuracy,False
Wednesday,QK-MMD PauliXZ,QK-MMD ZZ,cumulative_error_area,30,0.63515625,-0.12395833333333334,1.593509114583333,0.5,QK-MMD ZZ lower degradation,False
Wednesday,QK-MMD ZZ,QK-MMD PauliXZ,cumulative_gain_vs_no_adapt,30,0.63515625,-0.12395833333333334,1.593509114583333,0.5,QK-MMD ZZ higher gain,False
Wednesday,QK-MMD PauliXZ,QK-MMD ZZ,n_adaptations,30,0.03333333333333333,-0.2,0.23333333333333334,0.16666666666666666,QK-MMD ZZ fewer readaptations,False
Wednesday,QK-MMD ZZ,QK-MMD PauliXZ,adaptation_efficiency,30,0.3074435763888888,-0.09483886718750005,0.7269824218749997,0.5333333333333333,QK-MMD ZZ better adaptation efficiency,False
Wednesday,QK-MMD ZZ,QK-MMD PauliXZ,detector_runtime_sec_total,30,-0.3673134766247434,-0.4002107996091944,-0.33593435945086336,0.0,QK-MMD ZZ more expensive,False
PortScan,QK-MMD ZZ,Energy distance,mean_balanced_accuracy,30,0.006445312500000011,0.0011743489583333493,0.013482096354166676,0.7,QK-MMD ZZ better accuracy,True
PortScan,Energy distance,QK-MMD ZZ,cumulative_error_area,30,0.64453125,0.11743489583333334,1.3482096354166662,0.7,QK-MMD ZZ lower degradation,True
PortScan,QK-MMD ZZ,Energy distance,cumulative_gain_vs_no_adapt,30,0.64453125,0.11743489583333334,1.3482096354166662,0.7,QK-MMD ZZ higher gain,True
PortScan,Energy distance,QK-MMD ZZ,n_adaptations,30,-1.3666666666666667,-1.6333333333333333,-1.1,0.03333333333333333,QK-MMD ZZ fewer readaptations,False
PortScan,QK-MMD ZZ,Energy distance,adaptation_efficiency,30,-0.5778949652777778,-0.9170576171875,-0.22785731336805642,0.23333333333333334,QK-MMD ZZ better adaptation efficiency,False
PortScan,QK-MMD ZZ,Energy distance,detector_runtime_sec_total,30,6.05762831994798,6.0075817789816455,6.11350235675025,1.0,QK-MMD ZZ more expensive,True
PortScan,QK-MMD ZZ,JSD,mean_balanced_accuracy,30,0.016138020833333332,0.00457799479166667,0.030205989583333332,0.7333333333333333,QK-MMD ZZ better accuracy,True
PortScan,JSD,QK-MMD ZZ,cumulative_error_area,30,1.6138020833333333,0.4577994791666667,3.020598958333333,0.7333333333333333,QK-MMD ZZ lower degradation,True
PortScan,QK-MMD ZZ,JSD,cumulative_gain_vs_no_adapt,30,1.6138020833333333,0.4577994791666667,3.020598958333333,0.7333333333333333,QK-MMD ZZ higher gain,True
PortScan,JSD,QK-MMD ZZ,n_adaptations,30,-0.2,-0.4,0.0,0.1,QK-MMD ZZ fewer readaptations,False
PortScan,QK-MMD ZZ,JSD,adaptation_efficiency,30,0.34849392361111114,-0.005338758680555511,0.7603330078124999,0.6333333333333333,QK-MMD ZZ better adaptation efficiency,False
PortScan,QK-MMD ZZ,JSD,detector_runtime_sec_total,30,6.091739286757851,6.041761773308099,6.147152005880101,1.0,QK-MMD ZZ more expensive,True
PortScan,QK-MMD ZZ,KS-max,mean_balanced_accuracy,30,0.006557291666666664,0.000981575520833329,0.01510442708333333,0.7,QK-MMD ZZ better accuracy,True
PortScan,KS-max,QK-MMD ZZ,cumulative_error_area,30,0.6557291666666667,0.09815755208333335,1.510442708333333,0.7,QK-MMD ZZ lower degradation,True
PortScan,QK-MMD ZZ,KS-max,cumulative_gain_vs_no_adapt,30,0.6557291666666667,0.09815755208333335,1.510442708333333,0.7,QK-MMD ZZ higher gain,True
PortScan,KS-max,QK-MMD ZZ,n_adaptations,30,-0.7333333333333333,-1.0,-0.4666666666666667,0.03333333333333333,QK-MMD ZZ fewer readaptations,False
PortScan,QK-MMD ZZ,KS-max,adaptation_efficiency,30,-0.12290364583333332,-0.3415809461805555,0.12225314670138872,0.43333333333333335,QK-MMD ZZ better adaptation efficiency,False
PortScan,QK-MMD ZZ,KS-max,detector_runtime_sec_total,30,5.913444310050303,5.866201833221809,5.966759846903539,1.0,QK-MMD ZZ more expensive,True
PortScan,QK-MMD ZZ,MMD-RBF,mean_balanced_accuracy,30,0.03263802083333333,0.013867122395833315,0.05558346354166665,0.8,QK-MMD ZZ better accuracy,True
PortScan,MMD-RBF,QK-MMD ZZ,cumulative_error_area,30,3.263802083333333,1.3867122395833333,5.558346354166667,0.8,QK-MMD ZZ lower degradation,True
PortScan,QK-MMD ZZ,MMD-RBF,cumulative_gain_vs_no_adapt,30,3.263802083333333,1.3867122395833333,5.558346354166667,0.8,QK-MMD ZZ higher gain,True
PortScan,MMD-RBF,QK-MMD ZZ,n_adaptations,30,-1.5666666666666667,-1.8,-1.3,0.0,QK-MMD ZZ fewer readaptations,False
PortScan,QK-MMD ZZ,MMD-RBF,adaptation_efficiency,30,0.4805902777777778,-0.4802356770833333,1.6465050998263884,0.3333333333333333,QK-MMD ZZ better adaptation efficiency,False
PortScan,QK-MMD ZZ,MMD-RBF,detector_runtime_sec_total,30,4.454709433477062,4.393322603351553,4.521401567421272,1.0,QK-MMD ZZ more expensive,True
PortScan,QK-MMD ZZ,QK-MMD PauliXZ,mean_balanced_accuracy,30,0.00834635416666668,0.0005155598958333423,0.019109440104166684,0.5666666666666667,QK-MMD ZZ better accuracy,True
PortScan,QK-MMD PauliXZ,QK-MMD ZZ,cumulative_error_area,30,0.8346354166666666,0.051555989583333336,1.9109440104166666,0.5666666666666667,QK-MMD ZZ lower degradation,True
PortScan,QK-MMD ZZ,QK-MMD PauliXZ,cumulative_gain_vs_no_adapt,30,0.8346354166666666,0.051555989583333336,1.9109440104166666,0.5666666666666667,QK-MMD ZZ higher gain,True
PortScan,QK-MMD PauliXZ,QK-MMD ZZ,n_adaptations,30,0.1,-0.06666666666666667,0.3,0.13333333333333333,QK-MMD ZZ fewer readaptations,False
PortScan,QK-MMD ZZ,QK-MMD PauliXZ,adaptation_efficiency,30,0.28677083333333336,0.06532042100694445,0.5870871310763889,0.6333333333333333,QK-MMD ZZ better adaptation efficiency,True
PortScan,QK-MMD ZZ,QK-MMD PauliXZ,detector_runtime_sec_total,30,-0.29239393658159923,-0.3352754575391494,-0.2516479787837792,0.0,QK-MMD ZZ more expensive,False
DDoS,QK-MMD ZZ,Energy distance,mean_balanced_accuracy,30,0.0018541666666666715,-0.005434960937499986,0.009203124999999994,0.6,QK-MMD ZZ better accuracy,False
DDoS,Energy distance,QK-MMD ZZ,cumulative_error_area,30,0.18541666666666667,-0.54349609375,0.9203125,0.6,QK-MMD ZZ lower degradation,False
DDoS,QK-MMD ZZ,Energy distance,cumulative_gain_vs_no_adapt,30,0.18541666666666667,-0.54349609375,0.9203125,0.6,QK-MMD ZZ higher gain,False
DDoS,Energy distance,QK-MMD ZZ,n_adaptations,30,1.8333333333333333,1.5333333333333334,2.1333333333333333,0.9666666666666667,QK-MMD ZZ fewer readaptations,True
DDoS,QK-MMD ZZ,Energy distance,adaptation_efficiency,30,1.9358587549603175,1.5961638454861107,2.3003965153769843,1.0,QK-MMD ZZ better adaptation efficiency,True
DDoS,QK-MMD ZZ,Energy distance,detector_runtime_sec_total,30,6.0303296068877295,5.959551014051928,6.099601214422922,1.0,QK-MMD ZZ more expensive,True
DDoS,QK-MMD ZZ,JSD,mean_balanced_accuracy,30,0.003244791666666665,-0.003250390625000008,0.011086002604166664,0.5333333333333333,QK-MMD ZZ better accuracy,False
DDoS,JSD,QK-MMD ZZ,cumulative_error_area,30,0.32447916666666665,-0.3250390625,1.1086002604166667,0.5333333333333333,QK-MMD ZZ lower degradation,False
DDoS,QK-MMD ZZ,JSD,cumulative_gain_vs_no_adapt,30,0.32447916666666665,-0.3250390625,1.1086002604166667,0.5333333333333333,QK-MMD ZZ higher gain,False
DDoS,JSD,QK-MMD ZZ,n_adaptations,30,0.5666666666666667,0.3,0.8333333333333334,0.4666666666666667,QK-MMD ZZ fewer readaptations,True
DDoS,QK-MMD ZZ,JSD,adaptation_efficiency,30,0.7715711805555556,0.3687274305555557,1.1838619791666667,0.7333333333333333,QK-MMD ZZ better adaptation efficiency,True
DDoS,QK-MMD ZZ,JSD,detector_runtime_sec_total,30,6.056223210242266,5.9852593935353795,6.125833151831757,1.0,QK-MMD ZZ more expensive,True
DDoS,QK-MMD ZZ,KS-max,mean_balanced_accuracy,30,0.00912500000000001,-0.0013802083333333253,0.020906315104166674,0.5,QK-MMD ZZ better accuracy,False
DDoS,KS-max,QK-MMD ZZ,cumulative_error_area,30,0.9125,-0.13802083333333334,2.090631510416667,0.5,QK-MMD ZZ lower degradation,False
DDoS,QK-MMD ZZ,KS-max,cumulative_gain_vs_no_adapt,30,0.9125,-0.13802083333333334,2.090631510416667,0.5,QK-MMD ZZ higher gain,False
DDoS,KS-max,QK-MMD ZZ,n_adaptations,30,0.23333333333333334,-0.06666666666666667,0.5333333333333333,0.36666666666666664,QK-MMD ZZ fewer readaptations,False
DDoS,QK-MMD ZZ,KS-max,adaptation_efficiency,30,0.5928124999999999,0.019226128472222187,1.1574587673611105,0.6333333333333333,QK-MMD ZZ better adaptation efficiency,True
DDoS,QK-MMD ZZ,KS-max,detector_runtime_sec_total,30,5.913560153454697,5.8423982525193905,5.983290467806122,1.0,QK-MMD ZZ more expensive,True
DDoS,QK-MMD ZZ,MMD-RBF,mean_balanced_accuracy,30,0.007776041666666674,0.00041380208333333427,0.015471614583333333,0.7333333333333333,QK-MMD ZZ better accuracy,True
DDoS,MMD-RBF,QK-MMD ZZ,cumulative_error_area,30,0.7776041666666667,0.041380208333333356,1.5471614583333329,0.7333333333333333,QK-MMD ZZ lower degradation,True
DDoS,QK-MMD ZZ,MMD-RBF,cumulative_gain_vs_no_adapt,30,0.7776041666666667,0.041380208333333356,1.5471614583333329,0.7333333333333333,QK-MMD ZZ higher gain,True
DDoS,MMD-RBF,QK-MMD ZZ,n_adaptations,30,0.7666666666666667,0.5333333333333333,1.0,0.7,QK-MMD ZZ fewer readaptations,True
DDoS,QK-MMD ZZ,MMD-RBF,adaptation_efficiency,30,1.1442447916666667,0.8030460069444445,1.485300998263889,0.9333333333333333,QK-MMD ZZ better adaptation efficiency,True
DDoS,QK-MMD ZZ,MMD-RBF,detector_runtime_sec_total,30,4.213439286779613,4.142675232465263,4.283497449441735,1.0,QK-MMD ZZ more expensive,True
DDoS,QK-MMD ZZ,QK-MMD PauliXZ,mean_balanced_accuracy,30,0.004835937500000002,-0.0022110677083333353,0.012536523437500006,0.6333333333333333,QK-MMD ZZ better accuracy,False
DDoS,QK-MMD PauliXZ,QK-MMD ZZ,cumulative_error_area,30,0.48359375,-0.22110677083333333,1.25365234375,0.6333333333333333,QK-MMD ZZ lower degradation,False
DDoS,QK-MMD ZZ,QK-MMD PauliXZ,cumulative_gain_vs_no_adapt,30,0.48359375,-0.22110677083333333,1.25365234375,0.6333333333333333,QK-MMD ZZ higher gain,False
DDoS,QK-MMD PauliXZ,QK-MMD ZZ,n_adaptations,30,-0.06666666666666667,-0.3333333333333333,0.2,0.26666666666666666,QK-MMD ZZ fewer readaptations,False
DDoS,QK-MMD ZZ,QK-MMD PauliXZ,adaptation_efficiency,30,0.06813368055555553,-0.3743883463541667,0.5096540798611107,0.5333333333333333,QK-MMD ZZ better adaptation efficiency,False
DDoS,QK-MMD ZZ,QK-MMD PauliXZ,detector_runtime_sec_total,30,-0.44130777651056025,-0.4759539700693372,-0.4078671663855009,0.0,QK-MMD ZZ more expensive,False
